ConditionName,TrialNumber,FittsID,CompletionTime,Errors
Sticky-Zero,1,0.50639826,779,0
Sticky-Zero,2,0.41943815,878,0
Sticky-Zero,3,0.36086062,688,0
Sticky-Zero,4,0.21701874,624,0
Sticky-Zero,5,0.14657272,1194,0
Sticky-Zero,6,0.39463943,961,0
Sticky-Zero,7,0.035187393,692,0
Sticky-Zero,8,0.092861965,765,0
Sticky-Zero,9,0.4276034,745,0
Sticky-Zero,10,0.34006345,803,0
Sticky-Zero,11,0.25124258,952,0
Sticky-Zero,12,0.45519,888,0
Sticky-Zero,13,0.31098923,807,0
Sticky-Zero,14,0.22920932,781,0
Sticky-Zero,15,0.07395015,1211,0
Sticky-Zero,16,0.068824686,1006,0
Sticky-Zero,17,0.28151634,805,0
Sticky-Zero,18,0.25093302,429,0
Sticky-Zero,19,0.07132274,677,0
Sticky-Zero,20,0.12357994,859,0
Sticky-Zero,21,0.32824117,837,0
Sticky-Zero,22,0.2699254,813,0
Sticky-Zero,23,0.24051331,1058,0
Sticky-Zero,24,0.36858693,844,0
Sticky-Zero,25,0.29387826,641,0
Sticky-Zero,26,0.47756103,1055,0
Sticky-Zero,27,0.31339484,873,0
Sticky-Zero,28,0.37836352,932,0
Sticky-Zero,29,0.19830354,1050,0
Sticky-Zero,30,0.2096183,831,0
Sticky-Zero,31,0.2712849,763,0
Sticky-Zero,32,0.16970989,987,0
Sticky-Zero,33,0.35526586,1020,0
Sticky-Zero,34,0.2157836,860,0
Sticky-Zero,35,0.19822426,933,0
Sticky-Zero,36,0.3028793,854,0
Sticky-Zero,37,0.12896724,621,0
Sticky-Zero,38,0.38537583,784,0
Sticky-Zero,39,0.24570385,835,0
Sticky-Zero,40,0.56711435,1235,0
Sticky-Zero,41,0.14506112,811,0
Sticky-Zero,42,0.4293628,1188,0
Sticky-Zero,43,0.18672225,803,0
Sticky-Zero,44,0.28486925,898,0
Sticky-Zero,45,0.33703628,1180,0
Sticky-Zero,46,0.4245955,776,0
Sticky-Zero,47,0.34533566,805,0
Sticky-Zero,48,0.1604919,777,0
Sticky-Zero,49,0.18343276,904,0
Sticky-Zero,50,0.39720705,856,0
Sticky-Zero,51,0.3201607,640,0
Sticky-Zero,52,0.13801847,773,0
Sticky-Zero,53,0.11088247,1068,0
Sticky-Zero,54,0.12015259,714,0
Sticky-Zero,55,0.14751379,618,0

Sticky-Low,1,0.27564016,1365,0
Sticky-Low,2,0.4874175,747,0
Sticky-Low,3,0.30131686,831,0
Sticky-Low,4,0.58704203,681,1
Sticky-Low,5,0.34592903,960,0
Sticky-Low,6,0.5321309,1078,0
Sticky-Low,7,0.16820888,919,0
Sticky-Low,8,0.5053677,872,0
Sticky-Low,9,0.4373071,749,0
Sticky-Low,10,0.27052248,600,0
Sticky-Low,11,0.3207635,1196,0
Sticky-Low,12,0.14366844,712,0
Sticky-Low,13,0.11946836,1075,0
Sticky-Low,14,0.09270166,1361,0
Sticky-Low,15,0.44649547,917,0
Sticky-Low,16,0.48983252,837,0
Sticky-Low,17,0.40597084,500,0
Sticky-Low,18,0.513879,988,0
Sticky-Low,19,0.5792485,993,0
Sticky-Low,20,0.45310128,747,0
Sticky-Low,21,0.3972701,879,0
Sticky-Low,22,0.32372138,1250,0
Sticky-Low,23,0.3141744,761,0
Sticky-Low,24,0.30671507,975,0
Sticky-Low,25,0.279661,1289,0
Sticky-Low,26,0.56803334,908,0
Sticky-Low,27,0.18978822,1117,0
Sticky-Low,28,0.2224192,1246,0
Sticky-Low,29,0.5637848,892,0
Sticky-Low,30,0.43459108,756,0
Sticky-Low,31,0.40719876,1130,0
Sticky-Low,32,0.10523524,1066,0
Sticky-Low,33,0.25271407,591,0
Sticky-Low,34,0.21931182,484,0
Sticky-Low,35,0.05963525,987,0
Sticky-Low,36,0.25023437,931,0
Sticky-Low,37,0.33490828,959,0
Sticky-Low,38,0.25719315,1178,0
Sticky-Low,39,0.33150908,1233,0
Sticky-Low,40,0.6381548,924,1
Sticky-Low,41,0.42890987,950,0
Sticky-Low,42,0.21848977,1190,0
Sticky-Low,43,0.21040799,463,0
Sticky-Low,44,0.31513074,808,0
Sticky-Low,45,0.07885296,1284,0
Sticky-Low,46,0.24564454,911,0
Sticky-Low,47,0.19094893,741,0
Sticky-Low,48,0.086866245,719,0
Sticky-Low,49,0.36712676,716,0
Sticky-Low,50,0.42767307,735,0
Sticky-Low,51,0.060057476,1211,0
Sticky-Low,52,0.44063172,699,0
Sticky-Low,53,0.37605274,895,0
Sticky-Low,54,0.12414656,588,0
Sticky-Low,55,0.22931626,1190,0

Sticky-Medium,1,0.488305,793,0
Sticky-Medium,2,0.44136003,716,0
Sticky-Medium,3,0.32226816,894,0
Sticky-Medium,4,0.42379865,1008,0
Sticky-Medium,5,0.23859659,960,0
Sticky-Medium,6,0.17672254,731,0
Sticky-Medium,7,0.29317778,850,0
Sticky-Medium,8,0.3541233,829,0
Sticky-Medium,9,0.33217672,923,0
Sticky-Medium,10,0.68384403,839,1
Sticky-Medium,11,0.509682,1064,0
Sticky-Medium,12,0.18578374,977,0
Sticky-Medium,13,0.5399523,935,0
Sticky-Medium,14,0.1765687,782,0
Sticky-Medium,15,0.4448425,882,0
Sticky-Medium,16,0.16746975,770,0
Sticky-Medium,17,0.32707316,857,0
Sticky-Medium,18,0.15614945,833,0
Sticky-Medium,19,0.30075416,670,0
Sticky-Medium,20,0.53408307,926,0
Sticky-Medium,21,0.33810076,789,0
Sticky-Medium,22,0.471431,1101,0
Sticky-Medium,23,0.21272762,913,0
Sticky-Medium,24,0.19021744,794,0
Sticky-Medium,25,0.23987469,1180,0
Sticky-Medium,26,0.2504884,1064,0
Sticky-Medium,27,0.23475926,837,0
Sticky-Medium,28,0.38886786,698,0
Sticky-Medium,29,0.15768924,920,0
Sticky-Medium,30,0.39242107,1039,0
Sticky-Medium,31,0.24459931,886,0
Sticky-Medium,32,0.39764264,906,0
Sticky-Medium,33,0.41208342,722,0
Sticky-Medium,34,0.44918507,640,0
Sticky-Medium,35,0.44641232,737,0
Sticky-Medium,36,0.6350431,877,1
Sticky-Medium,37,0.52630544,1256,0
Sticky-Medium,38,0.26256,1105,0
Sticky-Medium,39,0.38336536,1147,0
Sticky-Medium,40,0.34589964,848,0
Sticky-Medium,41,0.10142239,971,0
Sticky-Medium,42,0.27848092,859,0
Sticky-Medium,43,0.053843703,893,0
Sticky-Medium,44,0.44943017,995,0
Sticky-Medium,45,0.59903544,994,1
Sticky-Medium,46,0.21404795,819,0
Sticky-Medium,47,0.43159768,650,0
Sticky-Medium,48,0.30880395,945,0
Sticky-Medium,49,0.54511756,488,0
Sticky-Medium,50,0.54908687,1089,0
Sticky-Medium,51,0.5512142,661,0
Sticky-Medium,52,0.29531744,1161,0
Sticky-Medium,53,0.65072757,766,1
Sticky-Medium,54,0.325937,830,0
Sticky-Medium,55,0.47024205,1122,0

Sticky-High,1,0.3570562,862,0
Sticky-High,2,0.3954,1166,0
Sticky-High,3,0.53626966,1083,0
Sticky-High,4,0.41376907,669,0
Sticky-High,5,0.42507297,1071,0
Sticky-High,6,0.40896794,1040,0
Sticky-High,7,0.5128147,565,0
Sticky-High,8,0.29012746,1202,0
Sticky-High,9,0.49839395,833,0
Sticky-High,10,0.51972187,1215,0
Sticky-High,11,0.46479622,1023,0
Sticky-High,12,0.41447377,1058,0
Sticky-High,13,0.51146215,913,0
Sticky-High,14,0.33608618,954,0
Sticky-High,15,0.36647514,929,0
Sticky-High,16,0.22153077,447,0
Sticky-High,17,0.44150934,656,0
Sticky-High,18,0.2844114,906,0
Sticky-High,19,0.5735954,986,0
Sticky-High,20,0.48907253,1184,0
Sticky-High,21,0.43593422,832,0
Sticky-High,22,0.5238637,896,0
Sticky-High,23,0.51498705,1160,0
Sticky-High,24,0.3103923,1453,0
Sticky-High,25,0.2238251,1028,0
Sticky-High,26,0.2552525,1299,0
Sticky-High,27,0.07434925,516,0
Sticky-High,28,0.71687734,1049,1
Sticky-High,29,0.38558546,996,0
Sticky-High,30,0.1601812,927,0
Sticky-High,31,0.42606613,737,0
Sticky-High,32,0.4646367,797,0
Sticky-High,33,0.40740395,900,0
Sticky-High,34,0.94077474,1352,1
Sticky-High,35,0.47114334,1182,0
Sticky-High,36,0.29472816,450,0
Sticky-High,37,0.40034646,695,0
Sticky-High,38,0.10202743,821,0
Sticky-High,39,0.4168363,742,0
Sticky-High,40,0.36898637,891,0
Sticky-High,41,0.33708748,847,0
Sticky-High,42,0.7142562,1194,1
Sticky-High,43,0.50719094,1222,0
Sticky-High,44,0.39629433,645,0
Sticky-High,45,0.53430086,1226,0
Sticky-High,46,0.46072197,1246,0
Sticky-High,47,0.58387655,916,0
Sticky-High,48,0.5382941,1253,0
Sticky-High,49,0.117030464,1015,0
Sticky-High,50,0.37573522,1165,0
Sticky-High,51,0.23602295,879,0
Sticky-High,52,0.4557777,826,0
Sticky-High,53,0.36802414,536,0
Sticky-High,54,0.44254947,903,0
Sticky-High,55,0.53089494,750,0

Gravity-Zero,1,0.0914391,898,0
Gravity-Zero,2,0.116493404,969,0
Gravity-Zero,3,0.2864097,665,0
Gravity-Zero,4,0.04184728,778,0
Gravity-Zero,5,0.40532017,968,0
Gravity-Zero,6,0.130842,622,0
Gravity-Zero,7,0.15515547,765,0
Gravity-Zero,8,0.18001322,611,0
Gravity-Zero,9,0.68348217,726,1
Gravity-Zero,10,0.31771415,788,0
Gravity-Zero,11,0.22202098,1035,0
Gravity-Zero,12,0.23312007,463,0
Gravity-Zero,13,0.22715716,869,0
Gravity-Zero,14,0.46988335,1078,0
Gravity-Zero,15,0.14095066,680,0
Gravity-Zero,16,0.47569486,816,0
Gravity-Zero,17,0.429325,865,0
Gravity-Zero,18,0.3662044,882,0
Gravity-Zero,19,0.48464933,816,0
Gravity-Zero,20,0.44161218,706,0
Gravity-Zero,21,0.27367082,919,0
Gravity-Zero,22,0.27367082,459,0
Gravity-Zero,23,0.15902317,779,0
Gravity-Zero,24,0.26501706,1086,0
Gravity-Zero,25,0.41357344,794,0
Gravity-Zero,26,0.38656825,757,0
Gravity-Zero,27,0.17683543,820,0
Gravity-Zero,28,0.22592817,771,0
Gravity-Zero,29,0.18979199,931,0
Gravity-Zero,30,0.26772082,1175,0
Gravity-Zero,31,0.10362814,766,0
Gravity-Zero,32,0.18002158,839,0
Gravity-Zero,33,0.066354156,770,0
Gravity-Zero,34,0.53858125,781,0
Gravity-Zero,35,0.38903072,866,0
Gravity-Zero,36,0.082448915,1017,0
Gravity-Zero,37,0.40669808,872,0
Gravity-Zero,38,0.42807642,1045,0
Gravity-Zero,39,0.39370036,654,0
Gravity-Zero,40,0.4485838,1194,0
Gravity-Zero,41,0.39718017,784,0
Gravity-Zero,42,0.3367378,962,0
Gravity-Zero,43,0.3844535,436,0
Gravity-Zero,44,0.21395381,679,0
Gravity-Zero,45,0.12130095,750,0
Gravity-Zero,46,0.4652718,866,0
Gravity-Zero,47,0.41062835,742,0
Gravity-Zero,48,0.42435366,790,0
Gravity-Zero,49,0.22243793,1055,0
Gravity-Zero,50,0.2826063,848,0
Gravity-Zero,51,0.3767274,940,0
Gravity-Zero,52,0.25773728,736,0
Gravity-Zero,53,0.44271284,904,0
Gravity-Zero,54,0.3379915,931,0
Gravity-Zero,55,0.3783422,569,0

Gravity-Low,1,0.35272762,998,0
Gravity-Low,2,0.5812777,685,0
Gravity-Low,3,0.3180951,1155,0
Gravity-Low,4,0.3706249,996,0
Gravity-Low,5,0.33122572,762,0
Gravity-Low,6,0.33827204,929,0
Gravity-Low,7,0.17556936,1311,0
Gravity-Low,8,0.21565059,628,0
Gravity-Low,9,0.30736288,1199,0
Gravity-Low,10,0.2213523,1084,0
Gravity-Low,11,0.3756236,939,0
Gravity-Low,12,0.24277288,1128,0
Gravity-Low,13,0.112600334,888,0
Gravity-Low,14,0.19681312,745,0
Gravity-Low,15,0.23971492,1191,0
Gravity-Low,16,0.53451735,1030,0
Gravity-Low,17,0.36012667,1117,0
Gravity-Low,18,0.13134031,805,0
Gravity-Low,19,0.39919475,1184,0
Gravity-Low,20,0.2659851,887,0
Gravity-Low,21,0.2035592,506,0
Gravity-Low,22,0.006969247,646,0
Gravity-Low,23,0.19395496,804,0
Gravity-Low,24,0.19834761,902,0
Gravity-Low,25,0.27584374,1160,0
Gravity-Low,26,0.30708987,1478,0
Gravity-Low,27,0.21478541,625,0
Gravity-Low,28,0.27023444,682,0
Gravity-Low,29,0.29527807,1105,0
Gravity-Low,30,0.38446295,960,0
Gravity-Low,31,0.11096322,1013,0
Gravity-Low,32,0.28294897,841,0
Gravity-Low,33,0.23067077,818,0
Gravity-Low,34,0.0629256,1022,0
Gravity-Low,35,0.55124825,1026,0
Gravity-Low,36,0.36994222,749,0
Gravity-Low,37,0.30623335,702,0
Gravity-Low,38,0.41925272,818,0
Gravity-Low,39,0.28755373,944,0
Gravity-Low,40,0.041143596,1019,0
Gravity-Low,41,0.466467,1063,0
Gravity-Low,42,0.14170787,833,0
Gravity-Low,43,0.45290732,811,0
Gravity-Low,44,0.33405802,937,0
Gravity-Low,45,0.1557725,746,0
Gravity-Low,46,0.21445608,641,0
Gravity-Low,47,0.23252721,1133,0
Gravity-Low,48,0.3088745,558,0
Gravity-Low,49,0.39721817,1025,0
Gravity-Low,50,0.2521467,1449,0
Gravity-Low,51,0.12864321,648,0
Gravity-Low,52,0.4159796,1189,0
Gravity-Low,53,0.18987568,947,0
Gravity-Low,54,0.420049,962,0
Gravity-Low,55,0.22857328,649,0

Gravity-Medium,1,0.34428588,1284,0
Gravity-Medium,2,0.34428588,428,0
Gravity-Medium,3,0.49347606,729,0
Gravity-Medium,4,0.43525416,992,0
Gravity-Medium,5,0.882154,1203,1
Gravity-Medium,6,0.20568527,1505,0
Gravity-Medium,7,0.48228222,875,0
Gravity-Medium,8,0.2996738,1411,0
Gravity-Medium,9,0.543092,773,0
Gravity-Medium,10,0.1261064,1278,0
Gravity-Medium,11,0.15639096,1815,0
Gravity-Medium,12,0.41148913,1201,0
Gravity-Medium,13,0.6128847,937,1
Gravity-Medium,14,0.48824322,848,0
Gravity-Medium,15,0.16540448,1199,0
Gravity-Medium,16,0.44476593,1001,0
Gravity-Medium,17,0.33675647,1175,0
Gravity-Medium,18,0.49713847,887,0
Gravity-Medium,19,0.40823254,1286,0
Gravity-Medium,20,0.07847953,1368,0
Gravity-Medium,21,0.45720604,1107,0
Gravity-Medium,22,0.49455777,1620,0
Gravity-Medium,23,0.22758847,721,0
Gravity-Medium,24,0.26413587,932,0
Gravity-Medium,25,0.111183755,942,0
Gravity-Medium,26,0.30193737,917,0
Gravity-Medium,27,0.4896635,1213,0
Gravity-Medium,28,0.20622951,1168,0
Gravity-Medium,29,0.24717174,933,0
Gravity-Medium,30,0.53256106,1911,0
Gravity-Medium,31,0.5061753,504,0
Gravity-Medium,32,0.18750808,917,0
Gravity-Medium,33,0.35331714,866,0
Gravity-Medium,34,0.34966525,700,0
Gravity-Medium,35,0.24605265,922,0
Gravity-Medium,36,0.5499738,1708,0
Gravity-Medium,37,0.20162292,806,0
Gravity-Medium,38,0.43546554,1602,0
Gravity-Medium,39,0.16248061,893,0
Gravity-Medium,40,0.44189036,1106,0
Gravity-Medium,41,0.16003081,659,0
Gravity-Medium,42,0.4512779,1518,0
Gravity-Medium,43,0.16134797,1145,0
Gravity-Medium,44,0.5068557,878,0
Gravity-Medium,45,0.2698917,1012,0
Gravity-Medium,46,0.14747278,839,0
Gravity-Medium,47,0.3767984,1073,0
Gravity-Medium,48,0.4186166,1026,0
Gravity-Medium,49,0.39020887,1412,0
Gravity-Medium,50,0.24358602,1082,0
Gravity-Medium,51,0.4141039,896,0
Gravity-Medium,52,0.5100062,947,0
Gravity-Medium,53,0.29363218,938,0
Gravity-Medium,54,0.29363218,485,0
Gravity-Medium,55,0.34633437,1473,0

Gravity-High,1,0.4562456,653,0
Gravity-High,2,0.6814343,687,1
Gravity-High,3,0.11364807,1019,0
Gravity-High,4,0.36509562,1063,0
Gravity-High,5,0.30593425,1071,0
Gravity-High,6,0.53159255,1431,0
Gravity-High,7,0.4918685,2000,0
Gravity-High,8,0.48941043,1969,0
Gravity-High,9,0.25422677,1300,0
Gravity-High,10,0.5872107,2381,1
Gravity-High,11,0.5884335,869,1
Gravity-High,12,0.7023964,1156,1
Gravity-High,13,0.4612039,1366,0
Gravity-High,14,0.41313875,2466,0
Gravity-High,15,0.400804,1123,0
Gravity-High,16,0.5144703,1135,0
Gravity-High,17,0.11074073,2852,0
Gravity-High,18,0.393682,1289,0
Gravity-High,19,0.44055453,1040,0
Gravity-High,20,0.43347532,1962,0
Gravity-High,21,0.3181547,1244,0
Gravity-High,22,0.12743251,924,0
Gravity-High,23,0.34075987,1486,0
Gravity-High,24,0.2567431,1163,0
Gravity-High,25,0.16231218,877,0
Gravity-High,26,0.43620992,2205,0
Gravity-High,27,0.49056667,1226,0
Gravity-High,28,0.26037803,795,0
Gravity-High,29,0.20357952,1962,0
Gravity-High,30,0.52070296,1848,0
Gravity-High,31,0.4529999,2001,0
Gravity-High,32,0.44546354,972,0
Gravity-High,33,0.392049,1084,0
Gravity-High,34,0.41963646,997,0
Gravity-High,35,0.32646582,944,0
Gravity-High,36,0.9272692,8249,1
Gravity-High,37,0.27867517,978,0
Gravity-High,38,0.46212056,1637,0
Gravity-High,39,0.4323524,1450,0
Gravity-High,40,0.4832829,1401,0
Gravity-High,41,0.29708546,2218,0
Gravity-High,42,0.36655328,1364,0
Gravity-High,43,0.74176615,1133,1
Gravity-High,44,0.3857025,704,0
Gravity-High,45,0.30590546,949,0
Gravity-High,46,0.34977648,1728,0
Gravity-High,47,0.45436516,3778,0
Gravity-High,48,0.45362517,2246,0
Gravity-High,49,0.10364559,1170,0
Gravity-High,50,0.4162874,766,0
Gravity-High,51,0.21208814,1821,0
Gravity-High,52,0.52778476,2969,0
Gravity-High,53,0.5925487,2006,1
Gravity-High,54,0.34082237,1014,0
Gravity-High,55,0.25912303,1442,0

Gravity-High,1,0.3600101,1223,0
Gravity-High,2,0.3624371,942,0
Gravity-High,3,0.50171196,709,0
Gravity-High,4,0.3491323,925,0
Gravity-High,5,0.24035856,1818,0
Gravity-High,6,0.45303923,1713,0
Gravity-High,7,0.5281603,1322,0
Gravity-High,8,0.12961507,1720,0
Gravity-High,9,0.4348074,1299,0
Gravity-High,10,0.5115558,2032,0
Gravity-High,11,0.45153284,1179,0
Gravity-High,12,0.47844377,1704,0
Gravity-High,13,0.5821139,628,0
Gravity-High,14,0.31871367,974,0
Gravity-High,15,0.29479474,826,0
Gravity-High,16,0.5123314,4055,0
Gravity-High,17,0.33196592,1565,0
Gravity-High,18,0.4400662,1813,0
Gravity-High,19,0.2409913,935,0
Gravity-High,20,0.19854516,1035,0
Gravity-High,21,0.46257228,886,0
Gravity-High,22,0.56731945,1237,0
Gravity-High,23,0.55181444,1455,0
Gravity-High,24,0.5365469,1360,0
Gravity-High,25,0.50171196,1107,0
Gravity-High,26,0.5115558,3533,0
Gravity-High,27,0.409479,817,0
Gravity-High,28,0.32452998,1353,0
Gravity-High,29,0.21361212,932,0
Gravity-High,30,0.48409936,989,0
Gravity-High,31,0.50298,1032,0
Gravity-High,32,0.15786299,1226,0
Gravity-High,33,0.47844377,2049,0
Gravity-High,34,0.6005999,1046,1
Gravity-High,35,0.25219995,1068,0
Gravity-High,36,0.2517306,1156,0
Gravity-High,37,0.49366787,1499,0
Gravity-High,38,0.26116666,1744,0
Gravity-High,39,0.5112008,1734,0
Gravity-High,40,0.17730594,1612,0
Gravity-High,41,0.36343312,1441,0
Gravity-High,42,0.41056898,1312,0
Gravity-High,43,0.2559146,1246,0
Gravity-High,44,0.3692917,411,0
Gravity-High,45,0.0396174,1496,0
Gravity-High,46,0.7123509,992,1
Gravity-High,47,0.38755104,1337,0
Gravity-High,48,0.24930128,1515,0
Gravity-High,49,0.1850882,950,0
Gravity-High,50,0.40196356,1523,0
Gravity-High,51,0.34139884,1291,0
Gravity-High,52,0.3709365,1793,0
Gravity-High,53,0.23416063,1495,0
Gravity-High,54,0.32113814,1600,0
Gravity-High,55,0.94095325,9826,1

Gravity-Medium,1,0.23391,1507,0
Gravity-Medium,2,0.54328465,1130,0
Gravity-Medium,3,0.42008552,1734,0
Gravity-Medium,4,0.29874027,748,0
Gravity-Medium,5,0.49733508,1290,0
Gravity-Medium,6,0.36290112,1157,0
Gravity-Medium,7,0.25362015,753,0
Gravity-Medium,8,0.59002775,1062,1
Gravity-Medium,9,0.1344694,937,0
Gravity-Medium,10,0.08683596,1061,0
Gravity-Medium,11,0.74855095,1436,1
Gravity-Medium,12,0.2870209,1264,0
Gravity-Medium,13,0.4632931,799,0
Gravity-Medium,14,0.41398877,1075,0
Gravity-Medium,15,0.5167174,1112,0
Gravity-Medium,16,0.41782278,751,0
Gravity-Medium,17,0.057665568,1061,0
Gravity-Medium,18,0.4327669,902,0
Gravity-Medium,19,0.44528872,979,0
Gravity-Medium,20,0.47180963,885,0
Gravity-Medium,21,0.4884136,1393,0
Gravity-Medium,22,0.29709384,1593,0
Gravity-Medium,23,0.35328335,878,0
Gravity-Medium,24,0.39965814,1509,0
Gravity-Medium,25,0.25245798,1877,0
Gravity-Medium,26,0.6072721,1385,1
Gravity-Medium,27,0.39934325,719,0
Gravity-Medium,28,0.34561816,1202,0
Gravity-Medium,29,0.17476526,971,0
Gravity-Medium,30,0.36097923,1109,0
Gravity-Medium,31,0.15843603,857,0
Gravity-Medium,32,0.29107976,1137,0
Gravity-Medium,33,0.8594942,906,1
Gravity-Medium,34,0.10527264,1106,0
Gravity-Medium,35,0.114671215,731,0
Gravity-Medium,36,0.32073927,942,0
Gravity-Medium,37,0.38216424,1475,0
Gravity-Medium,38,0.4170491,754,0
Gravity-Medium,39,0.2811143,743,0
Gravity-Medium,40,0.4027517,840,0
Gravity-Medium,41,0.3090594,1399,0
Gravity-Medium,42,0.52895254,796,0
Gravity-Medium,43,0.19953488,1576,0
Gravity-Medium,44,0.3121062,1061,0
Gravity-Medium,45,0.2863485,1129,0
Gravity-Medium,46,0.42103392,829,0
Gravity-Medium,47,0.5406514,859,0
Gravity-Medium,48,0.13475876,1084,0
Gravity-Medium,49,0.26050037,806,0
Gravity-Medium,50,0.24886076,890,0
Gravity-Medium,51,0.80652624,1210,1
Gravity-Medium,52,0.43057457,1085,0
Gravity-Medium,53,0.45669508,1073,0
Gravity-Medium,54,0.31653303,1353,0
Gravity-Medium,55,0.3377256,858,0

Gravity-Low,1,0.17734502,767,0
Gravity-Low,2,0.3343644,962,0
Gravity-Low,3,0.19437107,883,0
Gravity-Low,4,0.19236627,746,0
Gravity-Low,5,0.5261663,1179,0
Gravity-Low,6,0.3120754,993,0
Gravity-Low,7,0.4251498,974,0
Gravity-Low,8,0.15920861,1111,0
Gravity-Low,9,0.38251847,2267,0
Gravity-Low,10,0.20360146,1121,0
Gravity-Low,11,0.09878694,823,0
Gravity-Low,12,0.38833532,1307,0
Gravity-Low,13,0.47578093,903,0
Gravity-Low,14,0.14909199,2114,0
Gravity-Low,15,0.17140558,863,0
Gravity-Low,16,0.4619561,1053,0
Gravity-Low,17,0.49532294,783,0
Gravity-Low,18,0.5119535,622,0
Gravity-Low,19,0.37755132,642,0
Gravity-Low,20,0.46908146,772,0
Gravity-Low,21,0.5830552,1113,0
Gravity-Low,22,0.25748122,1062,0
Gravity-Low,23,0.41731045,1170,0
Gravity-Low,24,0.2602837,799,0
Gravity-Low,25,0.20409857,959,0
Gravity-Low,26,0.34201252,833,0
Gravity-Low,27,0.25693268,1190,0
Gravity-Low,28,0.1598792,793,0
Gravity-Low,29,0.42203537,898,0
Gravity-Low,30,0.44317615,1062,0
Gravity-Low,31,0.052151594,720,0
Gravity-Low,32,0.24788637,909,0
Gravity-Low,33,0.16425234,1231,0
Gravity-Low,34,0.37910983,797,0
Gravity-Low,35,0.12775162,756,0
Gravity-Low,36,0.8954613,889,1
Gravity-Low,37,0.34993356,672,0
Gravity-Low,38,0.45300558,1014,0
Gravity-Low,39,0.19213596,1149,0
Gravity-Low,40,0.26957545,1196,0
Gravity-Low,41,0.2553414,1378,0
Gravity-Low,42,0.24941877,1456,0
Gravity-Low,43,0.25727403,1276,0
Gravity-Low,44,0.17416696,1007,0
Gravity-Low,45,0.6436943,907,1
Gravity-Low,46,0.20658799,743,0
Gravity-Low,47,0.3221826,756,0
Gravity-Low,48,0.21016121,1116,0
Gravity-Low,49,0.4019723,870,0
Gravity-Low,50,0.42790845,1036,0
Gravity-Low,51,0.32019085,1150,0
Gravity-Low,52,0.23138468,930,0
Gravity-Low,53,0.28126293,515,0
Gravity-Low,54,1.0175744,1022,1
Gravity-Low,55,0.11914694,1319,0

Gravity-Zero,1,0.34416774,882,0
Gravity-Zero,2,0.5186677,829,0
Gravity-Zero,3,0.23754594,780,0
Gravity-Zero,4,0.2868114,730,0
Gravity-Zero,5,0.1548246,801,0
Gravity-Zero,6,0.24473125,763,0
Gravity-Zero,7,0.41259348,740,0
Gravity-Zero,8,0.46545878,752,0
Gravity-Zero,9,0.47305802,1011,0
Gravity-Zero,10,0.14980339,1001,0
Gravity-Zero,11,0.18206847,1193,0
Gravity-Zero,12,0.3290085,897,0
Gravity-Zero,13,0.2916523,781,0
Gravity-Zero,14,0.37444904,972,0
Gravity-Zero,15,0.124070495,766,0
Gravity-Zero,16,0.20431428,744,0
Gravity-Zero,17,0.253516,1090,0
Gravity-Zero,18,0.33243325,748,0
Gravity-Zero,19,0.5109491,811,0
Gravity-Zero,20,0.42078444,711,0
Gravity-Zero,21,0.5509829,837,0
Gravity-Zero,22,0.06717978,985,0
Gravity-Zero,23,0.30799648,718,0
Gravity-Zero,24,0.404287,834,0
Gravity-Zero,25,0.21614608,760,0
Gravity-Zero,26,0.117108166,740,0
Gravity-Zero,27,0.50845885,790,0
Gravity-Zero,28,0.16741262,989,0
Gravity-Zero,29,0.288213,904,0
Gravity-Zero,30,0.29591534,693,0
Gravity-Zero,31,0.18914364,934,0
Gravity-Zero,32,0.30339348,812,0
Gravity-Zero,33,0.19199489,976,0
Gravity-Zero,34,0.39146167,846,0
Gravity-Zero,35,0.30850208,669,0
Gravity-Zero,36,0.19667265,795,0
Gravity-Zero,37,0.3344352,816,0
Gravity-Zero,38,0.2560203,968,0
Gravity-Zero,39,0.13080165,698,0
Gravity-Zero,40,0.41021296,846,0
Gravity-Zero,41,0.35012934,533,0
Gravity-Zero,42,0.14124261,937,0
Gravity-Zero,43,0.16851023,699,0
Gravity-Zero,44,0.24021077,1139,0
Gravity-Zero,45,0.20392625,843,0
Gravity-Zero,46,0.5499313,761,0
Gravity-Zero,47,0.22221975,785,0
Gravity-Zero,48,0.09648242,994,0
Gravity-Zero,49,0.42843276,879,0
Gravity-Zero,50,0.43772706,744,0
Gravity-Zero,51,0.40455613,782,0
Gravity-Zero,52,0.15043575,737,0
Gravity-Zero,53,0.14553449,734,0
Gravity-Zero,54,0.38209692,736,0
Gravity-Zero,55,0.30931383,699,0

Sticky-High,1,0.26296008,1115,0
Sticky-High,2,0.57549125,821,0
Sticky-High,3,0.41820574,1014,0
Sticky-High,4,0.56014097,947,0
Sticky-High,5,0.48654535,703,0
Sticky-High,6,0.5269304,1111,0
Sticky-High,7,0.3205852,1224,0
Sticky-High,8,0.24134517,815,0
Sticky-High,9,0.34690756,500,0
Sticky-High,10,0.6962499,810,1
Sticky-High,11,0.55450416,434,0
Sticky-High,12,0.4312701,840,0
Sticky-High,13,0.41638368,1552,0
Sticky-High,14,0.48140416,1092,0
Sticky-High,15,0.6337395,890,1
Sticky-High,16,0.40686387,1132,0
Sticky-High,17,0.48605478,1027,0
Sticky-High,18,0.4415029,1073,0
Sticky-High,19,0.36407533,1066,0
Sticky-High,20,0.42760223,1020,0
Sticky-High,21,0.12367528,993,0
Sticky-High,22,0.1950019,1210,0
Sticky-High,23,0.4413319,1100,0
Sticky-High,24,0.25841895,1100,0
Sticky-High,25,0.4867464,1236,0
Sticky-High,26,0.37243187,939,0
Sticky-High,27,0.53671044,768,0
Sticky-High,28,0.3615792,505,0
Sticky-High,29,0.65000033,1412,1
Sticky-High,30,0.3368281,1109,0
Sticky-High,31,0.53497154,629,0
Sticky-High,32,0.5493347,1318,0
Sticky-High,33,0.40157226,1236,0
Sticky-High,34,0.3253207,1136,0
Sticky-High,35,0.44119084,965,0
Sticky-High,36,0.41492593,849,0
Sticky-High,37,0.45899528,906,0
Sticky-High,38,0.27925307,1230,0
Sticky-High,39,0.5471522,1064,0
Sticky-High,40,0.40914255,808,0
Sticky-High,41,0.18572432,954,0
Sticky-High,42,0.53044647,1279,0
Sticky-High,43,0.26300436,681,0
Sticky-High,44,0.24943611,814,0
Sticky-High,45,0.72542864,736,1
Sticky-High,46,0.3714294,871,0
Sticky-High,47,0.5286966,1371,0
Sticky-High,48,0.27422926,1336,0
Sticky-High,49,0.5523124,1190,0
Sticky-High,50,0.4594436,1118,0
Sticky-High,51,0.3991041,884,0
Sticky-High,52,0.41265604,1166,0
Sticky-High,53,0.3865464,837,0
Sticky-High,54,0.54068536,1305,0
Sticky-High,55,0.5434698,743,0

Sticky-Medium,1,0.43984482,1065,0
Sticky-Medium,2,0.2792654,980,0
Sticky-Medium,3,0.24300164,888,0
Sticky-Medium,4,0.37592742,806,0
Sticky-Medium,5,0.29241994,783,0
Sticky-Medium,6,0.102119565,701,0
Sticky-Medium,7,0.54822206,1152,0
Sticky-Medium,8,0.41645944,828,0
Sticky-Medium,9,0.14616264,839,0
Sticky-Medium,10,0.38020304,1138,0
Sticky-Medium,11,0.34233025,1247,0
Sticky-Medium,12,0.37507868,1191,0
Sticky-Medium,13,0.29636034,1055,0
Sticky-Medium,14,0.46191964,1069,0
Sticky-Medium,15,0.2725529,843,0
Sticky-Medium,16,0.07385603,757,0
Sticky-Medium,17,0.13100174,936,0
Sticky-Medium,18,0.3106322,1313,0
Sticky-Medium,19,0.20361803,1338,0
Sticky-Medium,20,0.3878893,1175,0
Sticky-Medium,21,0.43095207,900,0
Sticky-Medium,22,0.35725346,802,0
Sticky-Medium,23,0.424796,1115,0
Sticky-Medium,24,0.033904366,800,0
Sticky-Medium,25,0.22316785,632,0
Sticky-Medium,26,0.17639871,812,0
Sticky-Medium,27,0.49285537,1400,0
Sticky-Medium,28,0.22010314,1104,0
Sticky-Medium,29,0.34845328,750,0
Sticky-Medium,30,0.48691517,763,0
Sticky-Medium,31,0.28224233,825,0
Sticky-Medium,32,0.36923924,764,0
Sticky-Medium,33,0.43541467,805,0
Sticky-Medium,34,0.40925848,762,0
Sticky-Medium,35,0.46500084,795,0
Sticky-Medium,36,0.25541705,877,0
Sticky-Medium,37,0.3258079,889,0
Sticky-Medium,38,0.513256,788,0
Sticky-Medium,39,0.15382785,536,0
Sticky-Medium,40,0.20885351,809,0
Sticky-Medium,41,0.3541178,631,0
Sticky-Medium,42,0.4224295,774,0
Sticky-Medium,43,0.64976406,663,1
Sticky-Medium,44,0.43535146,1223,0
Sticky-Medium,45,0.3385883,853,0
Sticky-Medium,46,0.40481183,642,0
Sticky-Medium,47,0.14613296,792,0
Sticky-Medium,48,0.34263057,839,0
Sticky-Medium,49,0.6344919,607,1
Sticky-Medium,50,0.6276652,932,1
Sticky-Medium,51,0.2973423,1027,0
Sticky-Medium,52,0.30678543,886,0
Sticky-Medium,53,0.41304135,747,0
Sticky-Medium,54,0.025016177,642,0
Sticky-Medium,55,0.3639489,783,0

Sticky-Low,1,0.10806273,791,0
Sticky-Low,2,0.32479432,735,0
Sticky-Low,3,0.6833814,667,1
Sticky-Low,4,0.24435252,772,0
Sticky-Low,5,0.30196166,492,0
Sticky-Low,6,0.16799124,604,0
Sticky-Low,7,0.35632086,1167,0
Sticky-Low,8,0.14404203,737,0
Sticky-Low,9,0.30076882,652,0
Sticky-Low,10,0.18803158,674,0
Sticky-Low,11,0.3477741,1019,0
Sticky-Low,12,0.29594994,658,0
Sticky-Low,13,0.5245056,1023,0
Sticky-Low,14,0.13021484,770,0
Sticky-Low,15,0.082181856,665,0
Sticky-Low,16,0.418625,707,0
Sticky-Low,17,0.2248306,676,0
Sticky-Low,18,0.20010985,1154,0
Sticky-Low,19,0.3831165,765,0
Sticky-Low,20,0.30898166,995,0
Sticky-Low,21,0.38577476,1002,0
Sticky-Low,22,0.26380488,734,0
Sticky-Low,23,0.32798868,910,0
Sticky-Low,24,0.33851075,807,0
Sticky-Low,25,0.2669555,697,0
Sticky-Low,26,0.4759513,825,0
Sticky-Low,27,0.16818134,1277,0
Sticky-Low,28,0.28715998,1113,0
Sticky-Low,29,0.052517973,1178,0
Sticky-Low,30,0.2535737,1200,0
Sticky-Low,31,0.14471875,657,0
Sticky-Low,32,0.3196484,1146,0
Sticky-Low,33,0.22320998,1026,0
Sticky-Low,34,0.3692833,720,0
Sticky-Low,35,0.4753986,832,0
Sticky-Low,36,0.509907,1051,0
Sticky-Low,37,0.5212041,722,0
Sticky-Low,38,0.22725236,1235,0
Sticky-Low,39,0.434091,939,0
Sticky-Low,40,0.38427588,834,0
Sticky-Low,41,0.12526526,726,0
Sticky-Low,42,0.41692635,752,0
Sticky-Low,43,0.5697064,791,0
Sticky-Low,44,0.49045578,885,0
Sticky-Low,45,0.32896578,918,0
Sticky-Low,46,0.03515886,621,0
Sticky-Low,47,0.013457625,696,0
Sticky-Low,48,0.35966727,834,0
Sticky-Low,49,0.51068884,888,0
Sticky-Low,50,0.4790146,871,0
Sticky-Low,51,0.13930121,750,0
Sticky-Low,52,0.23504043,909,0
Sticky-Low,53,0.14387223,724,0
Sticky-Low,54,0.008494448,1306,0
Sticky-Low,55,0.24718972,873,0

Sticky-Zero,1,0.5137411,885,0
Sticky-Zero,2,0.26106995,834,0
Sticky-Zero,3,0.14263311,920,0
Sticky-Zero,4,0.61334616,808,1
Sticky-Zero,5,0.3411113,862,0
Sticky-Zero,6,0.38127783,737,0
Sticky-Zero,7,0.28405493,778,0
Sticky-Zero,8,0.14909804,804,0
Sticky-Zero,9,0.40223113,745,0
Sticky-Zero,10,0.49163708,711,0
Sticky-Zero,11,0.25007978,560,0
Sticky-Zero,12,0.23071958,880,0
Sticky-Zero,13,0.1595123,714,0
Sticky-Zero,14,0.38052556,726,0
Sticky-Zero,15,0.478004,688,0
Sticky-Zero,16,0.38587886,768,0
Sticky-Zero,17,0.5929328,957,1
Sticky-Zero,18,0.4100851,849,0
Sticky-Zero,19,0.1844424,734,0
Sticky-Zero,20,0.241494,506,0
Sticky-Zero,21,0.431367,812,0
Sticky-Zero,22,0.5542584,831,0
Sticky-Zero,23,0.44334108,709,0
Sticky-Zero,24,0.45186746,763,0
Sticky-Zero,25,0.16171008,723,0
Sticky-Zero,26,0.08247636,607,0
Sticky-Zero,27,0.2617687,836,0
Sticky-Zero,28,0.30107918,831,0
Sticky-Zero,29,0.36600423,1040,0
Sticky-Zero,30,0.15212126,532,0
Sticky-Zero,31,0.2899789,1141,0
Sticky-Zero,32,0.19358341,519,0
Sticky-Zero,33,0.4433852,878,0
Sticky-Zero,34,0.05692178,751,0
Sticky-Zero,35,0.17008795,947,0
Sticky-Zero,36,0.2731475,688,0
Sticky-Zero,37,0.2584867,797,0
Sticky-Zero,38,0.30128434,924,0
Sticky-Zero,39,0.13880035,959,0
Sticky-Zero,40,0.19117326,806,0
Sticky-Zero,41,0.23083888,835,0
Sticky-Zero,42,0.6036012,709,1
Sticky-Zero,43,0.19649917,832,0
Sticky-Zero,44,0.08338534,938,0
Sticky-Zero,45,0.098770075,545,0
Sticky-Zero,46,0.35630393,825,0
Sticky-Zero,47,0.08983255,632,0
Sticky-Zero,48,0.30000895,569,0
Sticky-Zero,49,0.24685177,754,0
Sticky-Zero,50,0.34108442,883,0
Sticky-Zero,51,0.22405085,749,0
Sticky-Zero,52,0.20725298,630,0
Sticky-Zero,53,0.32000777,710,0
Sticky-Zero,54,0.31457427,746,0
Sticky-Zero,55,0.45473203,1250,0

